40101,8,10110001,4,10310001,4,10310002,4,10310003,4,10210002,4,207,4,208,4,209,4
40102,8,10610001,4,10610002,4,10610003,4,10610004,4,10610005,4,207,4,208,4,209,4
40103,8,12350001,4,10610002,4,10610002,4,10610002,4,10610002,4,207,4,208,4,209,4
40111,8,12350001,4,10610002,4,10610002,4,10610002,4,10610002,4,207,4,208,4,209,4
40112,8,12350505,4,12350506,4,12350506,4,10610002,4,10610002,4,207,4,208,4,209,4
40113,8,12350005,4,12350501,4,12350502,4,12350503,4,12350504,4,207,4,208,4,209,4
40119,8,12350301,4,12350302,4,12350304,4,12350306,4,12350306,4,207,4,208,4,209,4
40121,8,12350301,4,12350302,4,12350304,4,12350306,4,12350306,4,207,4,208,4,209,4
40122,8,12350002,4,12350201,4,12350203,4,12350205,4,12350207,4,207,4,208,4,209,4
40123,8,12350001,4,10610002,4,10610002,4,10610002,4,10610002,4,207,4,208,4,209,4
40201,8,12350001,4,10610002,4,10610002,4,10610002,4,10610002,4,207,4,208,4,209,4
40032,11,10110002,4,10210002,4,10310002,4,10410002,4,10412102,4,10510002,4,10610002,4,10710002,4,207,4,208,4,209,4
40033,11,12140002,4,12150002,4,12240001,4,12250001,4,12350002,4,12340002,4,12440002,4,12450002,4,207,4,208,4,209,4
40034,11,10110002,4,10210002,4,10310002,4,10410002,4,10412102,4,10510002,4,10610002,4,10710002,4,207,4,208,4,209,4
40042,11,12140002,4,12150002,4,12240001,4,12250001,4,12350002,4,12340002,4,12440002,4,12450002,4,207,4,208,4,209,4
40043,11,10110002,4,10210002,4,10310002,4,10410002,4,10412102,4,10510002,4,10610002,4,10710002,4,207,4,208,4,209,4
40044,11,12140002,4,12150002,4,12240001,4,12250001,4,12350002,4,12340002,4,12440002,4,12450002,4,207,4,208,4,209,4
40052,11,10110002,4,10210002,4,10310002,4,10410002,4,10412102,4,10510002,4,10610002,4,10710002,4,207,4,208,4,209,4
40053,11,12140002,4,12150002,4,12240001,4,12250001,4,12350002,4,12340002,4,12440002,4,12450002,4,207,4,208,4,209,4
40054,11,10110002,4,10210002,4,10310002,4,10410002,4,10412102,4,10510002,4,10610002,4,10710002,4,207,4,208,4,209,4
40062,11,12140002,4,12150002,4,12240001,4,12250001,4,12350002,4,12340002,4,12440002,4,12450002,4,207,4,208,4,209,4
40063,11,10110002,4,10210002,4,10310002,4,10410002,4,10412102,4,10510002,4,10610002,4,10710002,4,207,4,208,4,209,4
40064,11,12140002,4,12150002,4,12240001,4,12250001,4,12350002,4,12340002,4,12440002,4,12450002,4,207,4,208,4,209,4
40123,11,10110002,4,10210002,4,10310002,4,10410002,4,10412102,4,10510002,4,10610002,4,10710002,4,207,4,208,4,209,4
40201,11,12140002,4,12150002,4,12240001,4,12250001,4,12350002,4,12340002,4,12440002,4,12450002,4,207,4,208,4,209,4
40202,11,10110002,4,10210002,4,10310002,4,10410002,4,10412102,4,10510002,4,10610002,4,10710002,4,207,4,208,4,209,4
40203,11,12140002,4,12150002,4,12240001,4,12250001,4,12350002,4,12340002,4,12440002,4,12450002,4,207,4,208,4,209,4
40209,11,10110002,4,10210002,4,10310002,4,10410002,4,10412102,4,10510002,4,10610002,4,10710002,4,207,4,208,4,209,4
40211,11,12140002,4,12150002,4,12240001,4,12250001,4,12350002,4,12340002,4,12440002,4,12450002,4,207,4,208,4,209,4
40212,11,10110002,4,10210002,4,10310002,4,10410002,4,10412102,4,10510002,4,10610002,4,10710002,4,207,4,208,4,209,4
40213,11,12140002,4,12150002,4,12240001,4,12250001,4,12350002,4,12340002,4,12440002,4,12450002,4,207,4,208,4,209,4
40229,11,10110002,4,10210002,4,10310002,4,10410002,4,10412102,4,10510002,4,10610002,4,10710002,4,207,4,208,4,209,4
40239,11,12140002,4,12150002,4,12240001,4,12250001,4,12350002,4,12340002,4,12440002,4,12450002,4,207,4,208,4,209,4
40249,11,10110002,4,10210002,4,10310002,4,10410002,4,10412102,4,10510002,4,10610002,4,10710002,4,207,4,208,4,209,4
40299,11,12140002,4,12150002,4,12240001,4,12250001,4,12350002,4,12340002,4,12440002,4,12450002,4,207,4,208,4,209,4
40080,11,12140003,4,12150003,4,12240003,4,12250003,4,12350003,4,12340003,4,12440003,4,12450003,4,207,4,208,4,209,4
40083,11,10310003,4,10410003,4,10510003,4,10610003,4,10710003,4,10020003,4,10110003,4,10210003,4,207,4,208,4,209,4
40086,11,12140003,4,12150003,4,12240003,4,12250003,4,12350003,4,12340003,4,12440003,4,12450003,4,207,4,208,4,209,4
40089,11,10310003,4,10410003,4,10510003,4,10610003,4,10710003,4,10020003,4,10110003,4,10210003,4,207,4,208,4,209,4
40301,11,12140003,4,12150003,4,12240003,4,12250003,4,12350003,4,12340003,4,12440003,4,12450003,4,207,4,208,4,209,4
40302,11,10310003,4,10410003,4,10510003,4,10610003,4,10710003,4,10020003,4,10110003,4,10210003,4,207,4,208,4,209,4
40303,11,12140003,4,12150003,4,12240003,4,12250003,4,12350003,4,12340003,4,12440003,4,12450003,4,207,4,208,4,209,4
40311,11,10310003,4,10410003,4,10510003,4,10610003,4,10710003,4,10020003,4,10110003,4,10210003,4,207,4,208,4,209,4
40312,11,12140003,4,12150003,4,12240003,4,12250003,4,12350003,4,12340003,4,12440003,4,12450003,4,207,4,208,4,209,4
40321,11,10310003,4,10410003,4,10510003,4,10610003,4,10710003,4,10020003,4,10110003,4,10210003,4,207,4,208,4,209,4
40322,11,12140003,4,12150003,4,12240003,4,12250003,4,12350003,4,12340003,4,12440003,4,12450003,4,207,4,208,4,209,4
40329,11,10310003,4,10410003,4,10510003,4,10610003,4,10710003,4,10020003,4,10110003,4,10210003,4,207,4,208,4,209,4
40331,11,12140003,4,12150003,4,12240003,4,12250003,4,12350003,4,12340003,4,12440003,4,12450003,4,207,4,208,4,209,4
40332,11,10310003,4,10410003,4,10510003,4,10610003,4,10710003,4,10020003,4,10110003,4,10210003,4,207,4,208,4,209,4
40339,11,12140003,4,12150003,4,12240003,4,12250003,4,12350003,4,12340003,4,12440003,4,12450003,4,207,4,208,4,209,4
40341,11,10310003,4,10410003,4,10510003,4,10610003,4,10710003,4,10020003,4,10110003,4,10210003,4,207,4,208,4,209,4
40342,11,12140003,4,12150003,4,12240003,4,12250003,4,12350003,4,12340003,4,12440003,4,12450003,4,207,4,208,4,209,4
40349,11,10310003,4,10410003,4,10510003,4,10610003,4,10710003,4,10020003,4,10110003,4,10210003,4,207,4,208,4,209,4
40393,11,12140003,4,12150003,4,12240003,4,12250003,4,12350003,4,12340003,4,12440003,4,12450003,4,207,4,208,4,209,4
40394,11,10310003,4,10410003,4,10510003,4,10610003,4,10710003,4,10020003,4,10110003,4,10210003,4,207,4,208,4,209,4
40395,11,12140003,4,12150003,4,12240003,4,12250003,4,12350003,4,12340003,4,12440003,4,12450003,4,207,4,208,4,209,4
40396,11,10310003,4,10410003,4,10510003,4,10610003,4,10710003,4,10020003,4,10110003,4,10210003,4,207,4,208,4,209,4
40397,11,12140003,4,12150003,4,12240003,4,12250003,4,12350003,4,12340003,4,12440003,4,12450003,4,207,4,208,4,209,4
40398,11,10310003,4,10410003,4,10510003,4,10610003,4,10710003,4,10020003,4,10110003,4,10210003,4,207,4,208,4,209,4
40399,11,12140003,4,12150003,4,12240003,4,12250003,4,12350003,4,12340003,4,12440003,4,12450003,4,207,4,208,4,209,4
40411,11,10310003,4,10410003,4,10510003,4,10610003,4,10710003,4,10020003,4,10110003,4,10210003,4,207,4,208,4,209,4
40401,11,12140003,4,12150003,4,12240003,4,12250003,4,12350003,4,12340003,4,12440003,4,12450003,4,207,4,208,4,209,4
40401,11,10310003,4,10410003,4,10510003,4,10610003,4,10710003,4,10020003,4,10110003,4,10210003,4,207,4,208,4,209,4
40401,11,12140003,4,12150003,4,12240003,4,12250003,4,12350003,4,12340003,4,12440003,4,12450003,4,207,4,208,4,209,4
40401,11,10310003,4,10410003,4,10510003,4,10610003,4,10710003,4,10020003,4,10110003,4,10210003,4,207,4,208,4,209,4
40401,11,12140003,4,12150003,4,12240003,4,12250003,4,12350003,4,12340003,4,12440003,4,12450003,4,207,4,208,4,209,4
40401,11,10310003,4,10410003,4,10510003,4,10610003,4,10710003,4,10020003,4,10110003,4,10210003,4,207,4,208,4,209,4
40401,11,12140003,4,12150003,4,12240003,4,12250003,4,12350003,4,12340003,4,12440003,4,12450003,4,207,4,208,4,209,4
40402,11,10310003,4,10410003,4,10510003,4,10610003,4,10710003,4,10020003,4,10110003,4,10210003,4,207,4,208,4,209,4
40402,11,12140003,4,12150003,4,12240003,4,12250003,4,12350003,4,12340003,4,12440003,4,12450003,4,207,4,208,4,209,4
40402,11,10310003,4,10410003,4,10510003,4,10610003,4,10710003,4,10020003,4,10110003,4,10210003,4,207,4,208,4,209,4
40402,11,12140003,4,12150003,4,12240003,4,12250003,4,12350003,4,12340003,4,12440003,4,12450003,4,207,4,208,4,209,4
40402,11,10310003,4,10410003,4,10510003,4,10610003,4,10710003,4,10020003,4,10110003,4,10210003,4,207,4,208,4,209,4
40402,11,12140003,4,12150003,4,12240003,4,12250003,4,12350003,4,12340003,4,12440003,4,12450003,4,207,4,208,4,209,4
40402,11,10310003,4,10410003,4,10510003,4,10610003,4,10710003,4,10020003,4,10110003,4,10210003,4,207,4,208,4,209,4
40402,11,12140003,4,12150003,4,12240003,4,12250003,4,12350003,4,12340003,4,12440003,4,12450003,4,207,4,208,4,209,4
40402,11,10310003,4,10410003,4,10510003,4,10610003,4,10710003,4,10020003,4,10110003,4,10210003,4,207,4,208,4,209,4
40402,11,12140003,4,12150003,4,12240003,4,12250003,4,12350003,4,12340003,4,12440003,4,12450003,4,207,4,208,4,209,4
40402,11,10310003,4,10410003,4,10510003,4,10610003,4,10710003,4,10020003,4,10110003,4,10210003,4,207,4,208,4,209,4
40409,11,12140003,4,12150003,4,12240003,4,12250003,4,12350003,4,12340003,4,12440003,4,12450003,4,207,4,208,4,209,4
40409,11,10310003,4,10410003,4,10510003,4,10610003,4,10710003,4,10020003,4,10110003,4,10210003,4,207,4,208,4,209,4
40411,11,12140003,4,12150003,4,12240003,4,12250003,4,12350003,4,12340003,4,12440003,4,12450003,4,207,4,208,4,209,4
40411,11,10310003,4,10410003,4,10510003,4,10610003,4,10710003,4,10020003,4,10110003,4,10210003,4,207,4,208,4,209,4
40411,11,12140003,4,12150003,4,12240003,4,12250003,4,12350003,4,12340003,4,12440003,4,12450003,4,207,4,208,4,209,4
40411,11,10310003,4,10410003,4,10510003,4,10610003,4,10710003,4,10020003,4,10110003,4,10210003,4,207,4,208,4,209,4
40412,11,12140003,4,12150003,4,12240003,4,12250003,4,12350003,4,12340003,4,12440003,4,12450003,4,207,4,208,4,209,4
40412,11,10310003,4,10410003,4,10510003,4,10610003,4,10710003,4,10020003,4,10110003,4,10210003,4,207,4,208,4,209,4
40412,11,12140003,4,12150003,4,12240003,4,12250003,4,12350003,4,12340003,4,12440003,4,12450003,4,207,4,208,4,209,4
40412,11,10310003,4,10410003,4,10510003,4,10610003,4,10710003,4,10020003,4,10110003,4,10210003,4,207,4,208,4,209,4
40498,11,12140003,4,12150003,4,12240003,4,12250003,4,12350003,4,12340003,4,12440003,4,12450003,4,207,4,208,4,209,4
40499,11,10310003,4,10410003,4,10510003,4,10610003,4,10710003,4,10020003,4,10110003,4,10210003,4,207,4,208,4,209,4
40501,11,10310004,4,10410004,4,10510004,4,10610004,4,10710004,4,10020004,4,10110004,4,10210004,4,207,4,208,4,209,4
40501,11,12140004,4,10410004,4,10510004,4,10610004,4,10710004,4,12340004,4,12440004,4,12450004,4,207,4,208,4,209,4
40501,11,10310004,4,10410004,4,10510004,4,10610004,4,10710004,4,10020004,4,10110004,4,10210004,4,207,4,208,4,209,4
40502,11,12140004,4,10410004,4,10510004,4,10610004,4,10710004,4,12340004,4,12440004,4,12450004,4,207,4,208,4,209,4
40502,11,10310004,4,10410004,4,10510004,4,10610004,4,10710004,4,10020004,4,10110004,4,10210004,4,207,4,208,4,209,4
40502,11,12140004,4,10410004,4,10510004,4,10610004,4,10710004,4,12340004,4,12440004,4,12450004,4,207,4,208,4,209,4
40502,11,10310004,4,10410004,4,10510004,4,10610004,4,10710004,4,10020004,4,10110004,4,10210004,4,207,4,208,4,209,4
40502,11,12140004,4,10410004,4,10510004,4,10610004,4,10710004,4,12340004,4,12440004,4,12450004,4,207,4,208,4,209,4
40502,11,10310004,4,10410004,4,10510004,4,10610004,4,10710004,4,10020004,4,10110004,4,10210004,4,207,4,208,4,209,4
40502,11,12140004,4,10410004,4,10510004,4,10610004,4,10710004,4,12340004,4,12440004,4,12450004,4,207,4,208,4,209,4
40502,11,10310004,4,10410004,4,10510004,4,10610004,4,10710004,4,10020004,4,10110004,4,10210004,4,207,4,208,4,209,4
40509,11,12140004,4,10410004,4,10510004,4,10610004,4,10710004,4,12340004,4,12440004,4,12450004,4,207,4,208,4,209,4
40511,11,10310004,4,10410004,4,10510004,4,10610004,4,10710004,4,10020004,4,10110004,4,10210004,4,207,4,208,4,209,4
40511,11,12140004,4,10410004,4,10510004,4,10610004,4,10710004,4,12340004,4,12440004,4,12450004,4,207,4,208,4,209,4
40511,11,10310004,4,10410004,4,10510004,4,10610004,4,10710004,4,10020004,4,10110004,4,10210004,4,207,4,208,4,209,4
40511,11,12140004,4,10410004,4,10510004,4,10610004,4,10710004,4,12340004,4,12440004,4,12450004,4,207,4,208,4,209,4
40511,11,10310004,4,10410004,4,10510004,4,10610004,4,10710004,4,10020004,4,10110004,4,10210004,4,207,4,208,4,209,4
40512,11,12140004,4,10410004,4,10510004,4,10610004,4,10710004,4,12340004,4,12440004,4,12450004,4,207,4,208,4,209,4
40512,11,10310004,4,10410004,4,10510004,4,10610004,4,10710004,4,10020004,4,10110004,4,10210004,4,207,4,208,4,209,4
40512,11,12140004,4,10410004,4,10510004,4,10610004,4,10710004,4,12340004,4,12440004,4,12450004,4,207,4,208,4,209,4
40521,11,10310004,4,10410004,4,10510004,4,10610004,4,10710004,4,10020004,4,10110004,4,10210004,4,207,4,208,4,209,4
40521,11,12140004,4,10410004,4,10510004,4,10610004,4,10710004,4,12340004,4,12440004,4,12450004,4,207,4,208,4,209,4
40521,11,10310004,4,10410004,4,10510004,4,10610004,4,10710004,4,10020004,4,10110004,4,10210004,4,207,4,208,4,209,4
40522,11,12140004,4,10410004,4,10510004,4,10610004,4,10710004,4,12340004,4,12440004,4,12450004,4,207,4,208,4,209,4
40522,11,10310004,4,10410004,4,10510004,4,10610004,4,10710004,4,10020004,4,10110004,4,10210004,4,207,4,208,4,209,4
40529,11,12140004,4,10410004,4,10510004,4,10610004,4,10710004,4,12340004,4,12440004,4,12450004,4,207,4,208,4,209,4
40531,11,10310004,4,10410004,4,10510004,4,10610004,4,10710004,4,10020004,4,10110004,4,10210004,4,207,4,208,4,209,4
40531,11,12140004,4,10410004,4,10510004,4,10610004,4,10710004,4,12340004,4,12440004,4,12450004,4,207,4,208,4,209,4
40531,11,10310004,4,10410004,4,10510004,4,10610004,4,10710004,4,10020004,4,10110004,4,10210004,4,207,4,208,4,209,4
40532,11,12140004,4,10410004,4,10510004,4,10610004,4,10710004,4,12340004,4,12440004,4,12450004,4,207,4,208,4,209,4
40532,11,10310004,4,10410004,4,10510004,4,10610004,4,10710004,4,10020004,4,10110004,4,10210004,4,207,4,208,4,209,4
40532,11,12140004,4,10410004,4,10510004,4,10610004,4,10710004,4,12340004,4,12440004,4,12450004,4,207,4,208,4,209,4
40532,11,10310004,4,10410004,4,10510004,4,10610004,4,10710004,4,10020004,4,10110004,4,10210004,4,207,4,208,4,209,4
40532,11,12140004,4,10410004,4,10510004,4,10610004,4,10710004,4,12340004,4,12440004,4,12450004,4,207,4,208,4,209,4
40539,11,10310004,4,10410004,4,10510004,4,10610004,4,10710004,4,10020004,4,10110004,4,10210004,4,207,4,208,4,209,4
40541,11,12140004,4,10410004,4,10510004,4,10610004,4,10710004,4,12340004,4,12440004,4,12450004,4,207,4,208,4,209,4
40542,11,10310004,4,10410004,4,10510004,4,10610004,4,10710004,4,10020004,4,10110004,4,10210004,4,207,4,208,4,209,4
40548,11,12140004,4,10410004,4,10510004,4,10610004,4,10710004,4,12340004,4,12440004,4,12450004,4,207,4,208,4,209,4
40549,11,10310004,4,10410004,4,10510004,4,10610004,4,10710004,4,10020004,4,10110004,4,10210004,4,207,4,208,4,209,4
40597,11,12140004,4,10410004,4,10510004,4,10610004,4,10710004,4,12340004,4,12440004,4,12450004,4,207,4,208,4,209,4
40598,11,10310004,4,10410004,4,10510004,4,10610004,4,10710004,4,10020004,4,10110004,4,10210004,4,207,4,208,4,209,4
40598,11,12140004,4,10410004,4,10510004,4,10610004,4,10710004,4,12340004,4,12440004,4,12450004,4,207,4,208,4,209,4
40598,11,10310004,4,10410004,4,10510004,4,10610004,4,10710004,4,10020004,4,10110004,4,10210004,4,207,4,208,4,209,4
40598,11,12140004,4,10410004,4,10510004,4,10610004,4,10710004,4,12340004,4,12440004,4,12450004,4,207,4,208,4,209,4
40598,11,10310004,4,10410004,4,10510004,4,10610004,4,10710004,4,10020004,4,10110004,4,10210004,4,207,4,208,4,209,4
40598,11,12140004,4,10410004,4,10510004,4,10610004,4,10710004,4,12340004,4,12440004,4,12450004,4,207,4,208,4,209,4
40599,11,10310004,4,10410004,4,10510004,4,10610004,4,10710004,4,10020004,4,10110004,4,10210004,4,207,4,208,4,209,4
45010,11,12140004,4,10410004,4,10510004,4,10610004,4,10710004,4,12340004,4,12440004,4,12450004,4,207,4,208,4,209,4
40030,11,10310005,4,10410005,4,10510005,4,10610005,4,10710005,4,10020005,4,10110005,4,10210005,4,207,4,208,4,209,4
40031,11,12140005,4,10410005,4,10510005,4,10610005,4,10710005,4,10020005,4,12440005,4,12450005,4,207,4,208,4,209,4
40701,11,10310005,4,10410005,4,10510005,4,10610005,4,10710005,4,10020005,4,10110005,4,10210005,4,207,4,208,4,209,4
40709,11,12140005,4,10410005,4,10510005,4,10610005,4,10710005,4,10020005,4,12440005,4,12450005,4,207,4,208,4,209,4
40711,11,10310005,4,10410005,4,10510005,4,10610005,4,10710005,4,10020005,4,10110005,4,10210005,4,207,4,208,4,209,4
40721,11,12140005,4,10410005,4,10510005,4,10610005,4,10710005,4,10020005,4,12440005,4,12450005,4,207,4,208,4,209,4
40729,11,10310005,4,10410005,4,10510005,4,10610005,4,10710005,4,10020005,4,10110005,4,10210005,4,207,4,208,4,209,4
40741,11,12140005,4,10410005,4,10510005,4,10610005,4,10710005,4,10020005,4,12440005,4,12450005,4,207,4,208,4,209,4
40751,11,10310005,4,10410005,4,10510005,4,10610005,4,10710005,4,10020005,4,10110005,4,10210005,4,207,4,208,4,209,4
40761,11,12140005,4,10410005,4,10510005,4,10610005,4,10710005,4,10020005,4,12440005,4,12450005,4,207,4,208,4,209,4
40762,11,10310005,4,10410005,4,10510005,4,10610005,4,10710005,4,10020005,4,10110005,4,10210005,4,207,4,208,4,209,4
40081,11,12350602,4,10410010,4,10510010,4,10610010,4,10710010,4,10020010,4,10110010,4,10210010,4,207,4,208,4,209,4
40084,9,12340006,4,12350006,4,12440006,4,12450006,4,12150006,4,12140006,4,207,4,208,4,209,4
40087,11,12350602,4,10410010,4,10510010,4,10610010,4,10710010,4,10020010,4,10110010,4,10210010,4,207,4,208,4,209,4
40090,9,12340006,4,12350006,4,12440006,4,12450006,4,12150006,4,12140006,4,207,4,208,4,209,4
40801,11,12350602,4,10410010,4,10510010,4,10610010,4,10710010,4,10020010,4,10110010,4,10210010,4,207,4,208,4,209,4
40811,9,12340006,4,12350006,4,12440006,4,12450006,4,12150006,4,12140006,4,207,4,208,4,209,4
40821,11,12350602,4,10410010,4,10510010,4,10610010,4,10710010,4,10020010,4,10110010,4,10210010,4,207,4,208,4,209,4
40841,9,12340006,4,12350006,4,12440006,4,12450006,4,12150006,4,12140006,4,207,4,208,4,209,4
40851,11,12350602,4,10410010,4,10510010,4,10610010,4,10710010,4,10020010,4,10110010,4,10210010,4,207,4,208,4,209,4
40861,11,12350602,4,10410010,4,10510010,4,10610010,4,10710010,4,10020010,4,10110010,4,10210010,4,207,4,208,4,209,4
40871,9,12340006,4,12350006,4,12440006,4,12450006,4,12150006,4,12140006,4,207,4,208,4,209,4
40881,11,12350602,4,10410010,4,10510010,4,10610010,4,10710010,4,10020010,4,10110010,4,10210010,4,207,4,208,4,209,4
40891,9,12340006,4,12350006,4,12440006,4,12450006,4,12150006,4,12140006,4,207,4,208,4,209,4
40892,11,12350602,4,10410010,4,10510010,4,10610010,4,10710010,4,10020010,4,10110010,4,10210010,4,207,4,208,4,209,4
40893,9,12340006,4,12350006,4,12440006,4,12450006,4,12150006,4,12140006,4,207,4,208,4,209,4
40894,11,12350602,4,10410010,4,10510010,4,10610010,4,10710010,4,10020010,4,10110010,4,10210010,4,207,4,208,4,209,4
40901,9,12340006,4,12350006,4,12440006,4,12450006,4,12150006,4,12140006,4,207,4,208,4,209,4
40911,11,12350602,4,10410010,4,10510010,4,10610010,4,10710010,4,10020010,4,10110010,4,10210010,4,207,4,208,4,209,4
40921,9,12340006,4,12350006,4,12440006,4,12450006,4,12150006,4,12140006,4,207,4,208,4,209,4
40931,11,12350602,4,10410010,4,10510010,4,10610010,4,10710010,4,10020010,4,10110010,4,10210010,4,207,4,208,4,209,4
40941,9,12340006,4,12350006,4,12440006,4,12450006,4,12150006,4,12140006,4,207,4,208,4,209,4
40951,11,12350602,4,10410010,4,10510010,4,10610010,4,10710010,4,10020010,4,10110010,4,10210010,4,207,4,208,4,209,4
40952,9,12340006,4,12350006,4,12440006,4,12450006,4,12150006,4,12140006,4,207,4,208,4,209,4
41101,11,12350602,4,10410010,4,10510010,4,10610010,4,10710010,4,10020010,4,10110010,4,10210010,4,207,4,208,4,209,4
41111,9,12340006,4,12350006,4,12440006,4,12450006,4,12150006,4,12140006,4,207,4,208,4,209,4
41121,11,12350602,4,10410010,4,10510010,4,10610010,4,10710010,4,10020010,4,10110010,4,10210010,4,207,4,208,4,209,4
41131,9,12340006,4,12350006,4,12440006,4,12450006,4,12150006,4,12140006,4,207,4,208,4,209,4
41141,11,12350602,4,10410010,4,10510010,4,10610010,4,10710010,4,10020010,4,10110010,4,10210010,4,207,4,208,4,209,4
41151,9,12340006,4,12350006,4,12440006,4,12450006,4,12150006,4,12140006,4,207,4,208,4,209,4
41161,11,12350602,4,10410010,4,10510010,4,10610010,4,10710010,4,10020010,4,10110010,4,10210010,4,207,4,208,4,209,4
41171,9,12340006,4,12350006,4,12440006,4,12450006,4,12150006,4,12140006,4,207,4,208,4,209,4
45010,11,12350602,4,10410010,4,10510010,4,10610010,4,10710010,4,10020010,4,10110010,4,10210010,4,207,4,208,4,209,4
41301,9,12340006,4,12350006,4,12440006,4,12450006,4,12150006,4,12140006,4,207,4,208,4,209,4
41311,11,12350602,4,10410010,4,10510010,4,10610010,4,10710010,4,10020010,4,10110010,4,10210010,4,207,4,208,4,209,4
41321,9,12340006,4,12350006,4,12440006,4,12450006,4,12150006,4,12140006,4,207,4,208,4,209,4
41331,11,12350602,4,10410010,4,10510010,4,10610010,4,10710010,4,10020010,4,10110010,4,10210010,4,207,4,208,4,209,4
41341,9,12340006,4,12350006,4,12440006,4,12450006,4,12150006,4,12140006,4,207,4,208,4,209,4
41351,11,12350602,4,10410010,4,10510010,4,10610010,4,10710010,4,10020010,4,10110010,4,10210010,4,207,4,208,4,209,4
41361,9,12340006,4,12350006,4,12440006,4,12450006,4,12150006,4,12140006,4,207,4,208,4,209,4
41371,11,12350602,4,10410010,4,10510010,4,10610010,4,10710010,4,10020010,4,10110010,4,10210010,4,207,4,208,4,209,4
41381,9,12340006,4,12350006,4,12440006,4,12450006,4,12150006,4,12140006,4,207,4,208,4,209,4
41382,11,12350602,4,10410010,4,10510010,4,10610010,4,10710010,4,10020010,4,10110010,4,10210010,4,207,4,208,4,209,4
41601,16,30002012,0.4,30002022,0.4,30002111,0.4,30002121,0.4,30002211,0.4,30002221,0.4,30002311,0.4,30002321,0.4,30002014,0.4,30002024,0.4,30002112,0.4,30002122,0.4,30002212,0.4,30002222,0.4,30002312,0.4,30002322,0.4
41602,11,30000112,0.4,30000212,0.4,30000312,0.4,30001012,0.4,30001022,0.4,30001032,0.4,30001042,0.4,30001052,0.4,30001062,0.4,30001072,0.4,30001082,0.4
41603,16,30002012,0.4,30002022,0.4,30002111,0.4,30002121,0.4,30002211,0.4,30002221,0.4,30002311,0.4,30002321,0.4,30002014,0.4,30002024,0.4,30002112,0.4,30002122,0.4,30002212,0.4,30002222,0.4,30002312,0.4,30002322,0.4
41611,11,30000112,0.4,30000212,0.4,30000312,0.4,30001012,0.4,30001022,0.4,30001032,0.4,30001042,0.4,30001052,0.4,30001062,0.4,30001072,0.4,30001082,0.4
41612,16,30002012,0.4,30002022,0.4,30002111,0.4,30002121,0.4,30002211,0.4,30002221,0.4,30002311,0.4,30002321,0.4,30002014,0.4,30002024,0.4,30002112,0.4,30002122,0.4,30002212,0.4,30002222,0.4,30002312,0.4,30002322,0.4
41613,11,30000112,0.4,30000212,0.4,30000312,0.4,30001012,0.4,30001022,0.4,30001032,0.4,30001042,0.4,30001052,0.4,30001062,0.4,30001072,0.4,30001082,0.4
41621,16,30002012,0.4,30002022,0.4,30002111,0.4,30002121,0.4,30002211,0.4,30002221,0.4,30002311,0.4,30002321,0.4,30002014,0.4,30002024,0.4,30002112,0.4,30002122,0.4,30002212,0.4,30002222,0.4,30002312,0.4,30002322,0.4
41622,11,30000112,0.4,30000212,0.4,30000312,0.4,30001012,0.4,30001022,0.4,30001032,0.4,30001042,0.4,30001052,0.4,30001062,0.4,30001072,0.4,30001082,0.4
41623,16,30002012,0.4,30002022,0.4,30002111,0.4,30002121,0.4,30002211,0.4,30002221,0.4,30002311,0.4,30002321,0.4,30002014,0.4,30002024,0.4,30002112,0.4,30002122,0.4,30002212,0.4,30002222,0.4,30002312,0.4,30002322,0.4
41631,11,30000112,0.4,30000212,0.4,30000312,0.4,30001012,0.4,30001022,0.4,30001032,0.4,30001042,0.4,30001052,0.4,30001062,0.4,30001072,0.4,30001082,0.4
41641,16,30002012,0.4,30002022,0.4,30002111,0.4,30002121,0.4,30002211,0.4,30002221,0.4,30002311,0.4,30002321,0.4,30002014,0.4,30002024,0.4,30002112,0.4,30002122,0.4,30002212,0.4,30002222,0.4,30002312,0.4,30002322,0.4
41651,11,30000112,0.4,30000212,0.4,30000312,0.4,30001012,0.4,30001022,0.4,30001032,0.4,30001042,0.4,30001052,0.4,30001062,0.4,30001072,0.4,30001082,0.4
41661,16,30002012,0.4,30002022,0.4,30002111,0.4,30002121,0.4,30002211,0.4,30002221,0.4,30002311,0.4,30002321,0.4,30002014,0.4,30002024,0.4,30002112,0.4,30002122,0.4,30002212,0.4,30002222,0.4,30002312,0.4,30002322,0.4
41671,11,30000112,0.4,30000212,0.4,30000312,0.4,30001012,0.4,30001022,0.4,30001032,0.4,30001042,0.4,30001052,0.4,30001062,0.4,30001072,0.4,30001082,0.4
41672,16,30002012,0.4,30002022,0.4,30002111,0.4,30002121,0.4,30002211,0.4,30002221,0.4,30002311,0.4,30002321,0.4,30002014,0.4,30002024,0.4,30002112,0.4,30002122,0.4,30002212,0.4,30002222,0.4,30002312,0.4,30002322,0.4
41801,19,30000112,0.4,30000212,0.4,30000312,0.4,30001012,0.4,30001022,0.4,30001032,0.4,30001042,0.4,30001052,0.4,30001062,0.4,30001072,0.4,30001082,0.4,99004003,0.001,99004013,0.001,99004103,0.001,99004113,0.001,99004203,0.001,99004213,0.001,99009001,0.001,99009011,0.001
41811,24,30002012,0.4,30002022,0.4,30002111,0.4,30002121,0.4,30002211,0.4,30002221,0.4,30002311,0.4,30002321,0.4,30002014,0.4,30002024,0.4,30002112,0.4,30002122,0.4,30002212,0.4,30002222,0.4,30002312,0.4,30002322,0.4,99003103,0.001,99003203,0.001,99003303,0.001,99003403,0.001,99003503,0.001,99003703,0.001,99003603,0.001,99003803,0.001
41821,19,30000112,0.4,30000212,0.4,30000312,0.4,30001012,0.4,30001022,0.4,30001032,0.4,30001042,0.4,30001052,0.4,30001062,0.4,30001072,0.4,30001082,0.4,99004003,0.001,99004013,0.001,99004103,0.001,99004113,0.001,99004203,0.001,99004213,0.001,99009001,0.001,99009011,0.001
41831,24,30002012,0.4,30002022,0.4,30002111,0.4,30002121,0.4,30002211,0.4,30002221,0.4,30002311,0.4,30002321,0.4,30002014,0.4,30002024,0.4,30002112,0.4,30002122,0.4,30002212,0.4,30002222,0.4,30002312,0.4,30002322,0.4,99003103,0.001,99003203,0.001,99003303,0.001,99003403,0.001,99003503,0.001,99003703,0.001,99003603,0.001,99003803,0.001
41841,19,30000112,0.4,30000212,0.4,30000312,0.4,30001012,0.4,30001022,0.4,30001032,0.4,30001042,0.4,30001052,0.4,30001062,0.4,30001072,0.4,30001082,0.4,99004003,0.001,99004013,0.001,99004103,0.001,99004113,0.001,99004203,0.001,99004213,0.001,99009001,0.001,99009011,0.001
41851,24,30002012,0.4,30002022,0.4,30002111,0.4,30002121,0.4,30002211,0.4,30002221,0.4,30002311,0.4,30002321,0.4,30002014,0.4,30002024,0.4,30002112,0.4,30002122,0.4,30002212,0.4,30002222,0.4,30002312,0.4,30002322,0.4,99003103,0.001,99003203,0.001,99003303,0.001,99003403,0.001,99003503,0.001,99003703,0.001,99003603,0.001,99003803,0.001
41852,19,30000112,0.4,30000212,0.4,30000312,0.4,30001012,0.4,30001022,0.4,30001032,0.4,30001042,0.4,30001052,0.4,30001062,0.4,30001072,0.4,30001082,0.4,99004003,0.001,99004013,0.001,99004103,0.001,99004113,0.001,99004203,0.001,99004213,0.001,99009001,0.001,99009011,0.001
41853,24,30002012,0.4,30002022,0.4,30002111,0.4,30002121,0.4,30002211,0.4,30002221,0.4,30002311,0.4,30002321,0.4,30002014,0.4,30002024,0.4,30002112,0.4,30002122,0.4,30002212,0.4,30002222,0.4,30002312,0.4,30002322,0.4,99003103,0.001,99003203,0.001,99003303,0.001,99003403,0.001,99003503,0.001,99003703,0.001,99003603,0.001,99003803,0.001
41854,19,30000112,0.4,30000212,0.4,30000312,0.4,30001012,0.4,30001022,0.4,30001032,0.4,30001042,0.4,30001052,0.4,30001062,0.4,30001072,0.4,30001082,0.4,99004003,0.001,99004013,0.001,99004103,0.001,99004113,0.001,99004203,0.001,99004213,0.001,99009001,0.001,99009011,0.001
41855,24,30002012,0.4,30002022,0.4,30002111,0.4,30002121,0.4,30002211,0.4,30002221,0.4,30002311,0.4,30002321,0.4,30002014,0.4,30002024,0.4,30002112,0.4,30002122,0.4,30002212,0.4,30002222,0.4,30002312,0.4,30002322,0.4,99003103,0.001,99003203,0.001,99003303,0.001,99003403,0.001,99003503,0.001,99003703,0.001,99003603,0.001,99003803,0.001
41856,19,30000112,0.4,30000212,0.4,30000312,0.4,30001012,0.4,30001022,0.4,30001032,0.4,30001042,0.4,30001052,0.4,30001062,0.4,30001072,0.4,30001082,0.4,99004003,0.001,99004013,0.001,99004103,0.001,99004113,0.001,99004203,0.001,99004213,0.001,99009001,0.001,99009011,0.001
41857,24,30002012,0.4,30002022,0.4,30002111,0.4,30002121,0.4,30002211,0.4,30002221,0.4,30002311,0.4,30002321,0.4,30002014,0.4,30002024,0.4,30002112,0.4,30002122,0.4,30002212,0.4,30002222,0.4,30002312,0.4,30002322,0.4,99003103,0.001,99003203,0.001,99003303,0.001,99003403,0.001,99003503,0.001,99003703,0.001,99003603,0.001,99003803,0.001
41901,20,30002012,0.4,30002022,0.4,30002111,0.4,30002121,0.4,30002211,0.4,30002221,0.4,30002311,0.4,30002321,0.4,30002014,0.4,30002024,0.4,30002112,0.4,30002122,0.4,30002212,0.4,30002222,0.4,30002312,0.4,30002322,0.4,30023011,0.01,30023111,0.01,30023211,0.01,30023311,0.001
41902,15,30000112,0.4,30000212,0.4,30000312,0.4,30001012,0.4,30001022,0.4,30001032,0.4,30001042,0.4,30001052,0.4,30001062,0.4,30001072,0.4,30001082,0.4,30023011,0.01,30023111,0.01,30023211,0.01,30023311,0.001
41911,20,30002012,0.4,30002022,0.4,30002111,0.4,30002121,0.4,30002211,0.4,30002221,0.4,30002311,0.4,30002321,0.4,30002014,0.4,30002024,0.4,30002112,0.4,30002122,0.4,30002212,0.4,30002222,0.4,30002312,0.4,30002322,0.4,30023011,0.01,30023111,0.01,30023211,0.01,30023311,0.001
41912,15,30000112,0.4,30000212,0.4,30000312,0.4,30001012,0.4,30001022,0.4,30001032,0.4,30001042,0.4,30001052,0.4,30001062,0.4,30001072,0.4,30001082,0.4,30023011,0.01,30023111,0.01,30023211,0.01,30023311,0.001
41921,20,30002012,0.4,30002022,0.4,30002111,0.4,30002121,0.4,30002211,0.4,30002221,0.4,30002311,0.4,30002321,0.4,30002014,0.4,30002024,0.4,30002112,0.4,30002122,0.4,30002212,0.4,30002222,0.4,30002312,0.4,30002322,0.4,30023011,0.01,30023111,0.01,30023211,0.01,30023311,0.001
41931,15,30000112,0.4,30000212,0.4,30000312,0.4,30001012,0.4,30001022,0.4,30001032,0.4,30001042,0.4,30001052,0.4,30001062,0.4,30001072,0.4,30001082,0.4,30023011,0.01,30023111,0.01,30023211,0.01,30023311,0.001
41932,20,30002012,0.4,30002022,0.4,30002111,0.4,30002121,0.4,30002211,0.4,30002221,0.4,30002311,0.4,30002321,0.4,30002014,0.4,30002024,0.4,30002112,0.4,30002122,0.4,30002212,0.4,30002222,0.4,30002312,0.4,30002322,0.4,30023011,0.01,30023111,0.01,30023211,0.01,30023311,0.001
41941,15,30000112,0.4,30000212,0.4,30000312,0.4,30001012,0.4,30001022,0.4,30001032,0.4,30001042,0.4,30001052,0.4,30001062,0.4,30001072,0.4,30001082,0.4,30023011,0.01,30023111,0.01,30023211,0.01,30023311,0.001
41943,20,30002012,0.4,30002022,0.4,30002111,0.4,30002121,0.4,30002211,0.4,30002221,0.4,30002311,0.4,30002321,0.4,30002014,0.4,30002024,0.4,30002112,0.4,30002122,0.4,30002212,0.4,30002222,0.4,30002312,0.4,30002322,0.4,30023011,0.01,30023111,0.01,30023211,0.01,30023311,0.001
41944,15,30000112,0.4,30000212,0.4,30000312,0.4,30001012,0.4,30001022,0.4,30001032,0.4,30001042,0.4,30001052,0.4,30001062,0.4,30001072,0.4,30001082,0.4,30023011,0.01,30023111,0.01,30023211,0.01,30023311,0.001
41945,20,30002012,0.4,30002022,0.4,30002111,0.4,30002121,0.4,30002211,0.4,30002221,0.4,30002311,0.4,30002321,0.4,30002014,0.4,30002024,0.4,30002112,0.4,30002122,0.4,30002212,0.4,30002222,0.4,30002312,0.4,30002322,0.4,30023011,0.01,30023111,0.01,30023211,0.01,30023311,0.001
41946,15,30000112,0.4,30000212,0.4,30000312,0.4,30001012,0.4,30001022,0.4,30001032,0.4,30001042,0.4,30001052,0.4,30001062,0.4,30001072,0.4,30001082,0.4,30023011,0.01,30023111,0.01,30023211,0.01,30023311,0.001
